<appaction uniquename="contoso__LockPermit!0b4ca3a9193a405abe37bc4472c64d7e!contoso_PermitManagement!contoso_permit!0">
  <appmoduleid>
    <uniquename>contoso_PermitManagement</uniquename>
  </appmoduleid>
  <buttonlabeltext default="Lock Permit">
    <label description="Lock Permit" languagecode="1033" />
  </buttonlabeltext>
  <buttonsequencepriority>15.0000000000</buttonsequencepriority>
  <buttontooltiptitle default="Lock Permit">
    <label description="Lock Permit" languagecode="1033" />
  </buttontooltiptitle>
  <context>1</context>
  <contextentity>
    <logicalname>contoso_permit</logicalname>
  </contextentity>
  <contextvalue>contoso_permit</contextvalue>
  <fonticon>Lock</fonticon>
  <hidden>0</hidden>
  <iscustomizable>1</iscustomizable>
  <isdisabled>0</isdisabled>
  <isgrouptitlehidden>0</isgrouptitlehidden>
  <location>0</location>
  <name>LockPermit!0b4ca3a9193a405abe37bc4472c64d7e</name>
  <onclickeventjavascriptfunctionname>ContosoPermit.Scripts.PermitForm.lockPermit</onclickeventjavascriptfunctionname>
  <onclickeventjavascriptparameters>[{"type":5}]</onclickeventjavascriptparameters>
  <onclickeventjavascriptwebresourceid>
    <webresourceid>a91f0696-23ef-ed11-8848-0022481c5f83</webresourceid>
  </onclickeventjavascriptwebresourceid>
  <onclickeventtype>2</onclickeventtype>
  <origin>0</origin>
  <statecode>0</statecode>
  <statuscode>1</statuscode>
  <type>0</type>
  <visibilitytype>0</visibilitytype>
</appaction>