{
  "properties": {
    "connectionReferences": {
      "shared_commondataserviceforapps": {
        "runtimeSource": "embedded",
        "connection": {
          "connectionReferenceLogicalName": "contoso_sharedcommondataserviceforapps_d9b87"
        },
        "api": {
          "name": "shared_commondataserviceforapps"
        }
      }
    },
    "definition": {
      "$schema": "https://schema.management.azure.com/providers/Microsoft.Logic/schemas/2016-06-01/workflowdefinition.json#",
      "contentVersion": "1.0.0.0",
      "parameters": {
        "$connections": {
          "defaultValue": {},
          "type": "Object"
        },
        "$authentication": {
          "defaultValue": {},
          "type": "SecureObject"
        }
      },
      "triggers": {
        "manual": {
          "metadata": {
            "operationMetadataId": "531da8f8-0cf9-45b3-bd5c-9a9758a6668b"
          },
          "type": "Request",
          "kind": "PowerAppV2",
          "inputs": {
            "schema": {
              "type": "object",
              "properties": {
                "text": {
                  "title": "InspectionID",
                  "type": "string",
                  "x-ms-dynamically-added": true,
                  "description": "   - Click in *Please enter your input* and enter `GUID`\n",
                  "x-ms-content-hint": "TEXT"
                }
              },
              "required": [
                "text"
              ]
            }
          }
        }
      },
      "actions": {
        "CancelComments": {
          "runAfter": {},
          "metadata": {
            "operationMetadataId": "83a312f3-9f3b-4597-a53c-0b302bccc42a"
          },
          "type": "OpenApiConnection",
          "inputs": {
            "host": {
              "connectionName": "shared_commondataserviceforapps",
              "operationId": "UpdateRecord",
              "apiId": "/providers/Microsoft.PowerApps/apis/shared_commondataserviceforapps"
            },
            "parameters": {
              "entityName": "contoso_inspections",
              "recordId": "@triggerBody()['text']",
              "item/contoso_comments": "@null"
            },
            "authentication": "@parameters('$authentication')"
          }
        },
        "GetPermit": {
          "runAfter": {
            "CancelComments": [
              "Succeeded"
            ]
          },
          "metadata": {
            "operationMetadataId": "23403e3b-49e5-482f-8087-f527e35b115c"
          },
          "type": "OpenApiConnection",
          "inputs": {
            "host": {
              "connectionName": "shared_commondataserviceforapps",
              "operationId": "GetItem",
              "apiId": "/providers/Microsoft.PowerApps/apis/shared_commondataserviceforapps"
            },
            "parameters": {
              "entityName": "contoso_permits",
              "recordId": "@outputs('CancelComments')?['body/_contoso_permit_value']"
            },
            "authentication": "@parameters('$authentication')"
          }
        },
        "Respond_to_a_Power_App_or_flow": {
          "runAfter": {
            "GetPermit": [
              "Succeeded"
            ]
          },
          "metadata": {
            "operationMetadataId": "d5fe77e1-ad74-494e-a344-2729ea090796"
          },
          "type": "Response",
          "kind": "PowerApp",
          "inputs": {
            "statusCode": 200,
            "body": {
              "startdate": "@outputs('GetPermit')?['body/contoso_startdate']"
            },
            "schema": {
              "type": "object",
              "properties": {
                "startdate": {
                  "title": "startdate",
                  "x-ms-dynamically-added": true,
                  "type": "string",
                  "format": "date"
                }
              }
            }
          }
        }
      }
    },
    "templateName": null
  },
  "schemaVersion": "1.0.0.0"
}