<appaction uniquename="dem__RejectTrick!53da2eb9427145949cd8b1e97695ccde!dem_PetTricks!dem_petrrick!0">
  <appmoduleid>
    <uniquename>dem_PetTricks</uniquename>
  </appmoduleid>
  <buttonlabeltext default="Reject Trick">
    <label description="Reject Trick" languagecode="1033" />
  </buttonlabeltext>
  <context>1</context>
  <contextentity>
    <logicalname>dem_petrrick</logicalname>
  </contextentity>
  <contextvalue>dem_petrrick</contextvalue>
  <fonticon>Reply</fonticon>
  <hidden>0</hidden>
  <iscustomizable>1</iscustomizable>
  <isdisabled>0</isdisabled>
  <isgrouptitlehidden>0</isgrouptitlehidden>
  <location>0</location>
  <name>RejectTrick!53da2eb9427145949cd8b1e97695ccde</name>
  <onclickeventformulacomponentlibraryid>
    <name>dem_pettricksdefaultcommandlibrary_ce28d</name>
  </onclickeventformulacomponentlibraryid>
  <onclickeventformulacomponentname>0f9d171e75544f85b6c7500ece16862c</onclickeventformulacomponentname>
  <onclickeventformulafunctionname>OnSelect</onclickeventformulafunctionname>
  <onclickeventtype>1</onclickeventtype>
  <origin>0</origin>
  <sequence>100100015.0000000000</sequence>
  <statecode>0</statecode>
  <statuscode>1</statuscode>
  <type>0</type>
  <visibilityformulacomponentlibraryid>
    <name>dem_pettricksdefaultcommandlibrary_ce28d</name>
  </visibilityformulacomponentlibraryid>
  <visibilityformulacomponentname>0f9d171e75544f85b6c7500ece16862c</visibilityformulacomponentname>
  <visibilityformulafunctionname>Visible</visibilityformulafunctionname>
  <visibilitytype>1</visibilitytype>
</appaction>