{
  "properties": {
    "connectionReferences": {
      "shared_commondataserviceforapps": {
        "runtimeSource": "embedded",
        "connection": {
          "connectionReferenceLogicalName": "contoso_sharedcommondataserviceforapps_a72bc"
        },
        "api": {
          "name": "shared_commondataserviceforapps"
        }
      }
    },
    "definition": {
      "$schema": "https://schema.management.azure.com/providers/Microsoft.Logic/schemas/2016-06-01/workflowdefinition.json#",
      "contentVersion": "1.0.0.0",
      "parameters": {
        "$connections": {
          "defaultValue": {},
          "type": "Object"
        },
        "$authentication": {
          "defaultValue": {},
          "type": "SecureObject"
        }
      },
      "triggers": {
        "manual": {
          "metadata": {
            "operationMetadataId": "68fe3d25-ca68-4edd-b813-41ceb4ece187"
          },
          "type": "Request",
          "kind": "PowerApp",
          "inputs": {
            "schema": {
              "type": "object",
              "properties": {
                "CancelComments_RowID": {
                  "type": "string",
                  "description": "Enter the row's globally unique identifier (GUID)",
                  "x-ms-powerflows-param-ispartial": false
                }
              },
              "required": [
                "CancelComments_RowID"
              ]
            }
          }
        }
      },
      "actions": {
        "CancelComments": {
          "runAfter": {},
          "metadata": {
            "operationMetadataId": "50171f5f-264c-41aa-81d6-87905844e9d7"
          },
          "type": "OpenApiConnection",
          "inputs": {
            "host": {
              "connectionName": "shared_commondataserviceforapps",
              "operationId": "UpdateRecord",
              "apiId": "/providers/Microsoft.PowerApps/apis/shared_commondataserviceforapps"
            },
            "parameters": {
              "entityName": "contoso_inspections",
              "recordId": "@triggerBody()['CancelComments_RowID']",
              "item/contoso_comments": "@null"
            },
            "authentication": {
              "type": "Raw",
              "value": "@json(decodeBase64(triggerOutputs().headers['X-MS-APIM-Tokens']))['$ConnectionKey']"
            }
          }
        },
        "GetPermit": {
          "runAfter": {
            "CancelComments": [
              "Succeeded"
            ]
          },
          "metadata": {
            "operationMetadataId": "39b7d3e2-c81f-4407-acf1-2cf03c39a281"
          },
          "type": "OpenApiConnection",
          "inputs": {
            "host": {
              "connectionName": "shared_commondataserviceforapps",
              "operationId": "GetItem",
              "apiId": "/providers/Microsoft.PowerApps/apis/shared_commondataserviceforapps"
            },
            "parameters": {
              "entityName": "contoso_permits",
              "recordId": "@outputs('CancelComments')?['body/_contoso_permit_value']"
            },
            "authentication": {
              "type": "Raw",
              "value": "@json(decodeBase64(triggerOutputs().headers['X-MS-APIM-Tokens']))['$ConnectionKey']"
            }
          }
        },
        "Respond_to_a_PowerApp_or_flow": {
          "runAfter": {
            "GetPermit": [
              "Succeeded"
            ]
          },
          "metadata": {
            "operationMetadataId": "2ea03c0e-13b3-46c1-b94b-ba577c680e77"
          },
          "type": "Response",
          "kind": "PowerApp",
          "inputs": {
            "statusCode": 200,
            "body": {
              "startdate": "@outputs('GetPermit')?['body/contoso_startdate']"
            },
            "schema": {
              "type": "object",
              "properties": {
                "startdate": {
                  "title": "startdate",
                  "x-ms-dynamically-added": true,
                  "type": "string",
                  "format": "date"
                }
              }
            }
          }
        }
      }
    },
    "templateName": null
  },
  "schemaVersion": "1.0.0.0"
}