<customapi uniquename="contoso_LockPermit">
  <allowedcustomprocessingsteptype>0</allowedcustomprocessingsteptype>
  <bindingtype>1</bindingtype>
  <boundentitylogicalname>contoso_permit</boundentitylogicalname>
  <description default="Lock Permit">
    <label description="Lock Permit" languagecode="1033" />
  </description>
  <displayname default="Lock Permit">
    <label description="Lock Permit" languagecode="1033" />
  </displayname>
  <iscustomizable>1</iscustomizable>
  <isfunction>0</isfunction>
  <isprivate>0</isprivate>
  <name>Lock Permit</name>
  <plugintypeid>
    <plugintypeexportkey>86f3c333-c015-4d40-9a86-c634f7d892c3</plugintypeexportkey>
  </plugintypeid>
  <workflowsdkstepenabled>0</workflowsdkstepenabled>
</customapi>