{
  "properties": {
    "connectionReferences": {
      "shared_commondataserviceforapps": {
        "runtimeSource": "embedded",
        "connection": {
          "connectionReferenceLogicalName": "dem_sharedcommondataserviceforapps_1b77c"
        },
        "api": {
          "name": "shared_commondataserviceforapps"
        }
      }
    },
    "definition": {
      "$schema": "https://schema.management.azure.com/providers/Microsoft.Logic/schemas/2016-06-01/workflowdefinition.json#",
      "contentVersion": "1.0.0.0",
      "parameters": {
        "$connections": {
          "defaultValue": {},
          "type": "Object"
        },
        "$authentication": {
          "defaultValue": {},
          "type": "SecureObject"
        }
      },
      "triggers": {
        "Add_Pet": {
          "metadata": {
            "operationMetadataId": "7444266b-76ff-4d3c-92bc-cfe6afc6828a"
          },
          "type": "OpenApiConnectionWebhook",
          "inputs": {
            "host": {
              "connectionName": "shared_commondataserviceforapps",
              "operationId": "SubscribeWebhookTrigger",
              "apiId": "/providers/Microsoft.PowerApps/apis/shared_commondataserviceforapps"
            },
            "parameters": {
              "subscriptionRequest/message": 1,
              "subscriptionRequest/entityname": "dem_pet",
              "subscriptionRequest/scope": 4
            },
            "authentication": "@parameters('$authentication')"
          }
        }
      },
      "actions": {
        "Get_Tricks": {
          "runAfter": {},
          "metadata": {
            "operationMetadataId": "31bbf4a7-1e7f-4242-84a5-42cf11bcae8c"
          },
          "type": "OpenApiConnection",
          "inputs": {
            "host": {
              "connectionName": "shared_commondataserviceforapps",
              "operationId": "ListRecords",
              "apiId": "/providers/Microsoft.PowerApps/apis/shared_commondataserviceforapps"
            },
            "parameters": {
              "entityName": "dem_tricks",
              "$filter": "dem_trickname eq 'Sleep'"
            },
            "authentication": "@parameters('$authentication')"
          }
        },
        "Add_Pet_Trick": {
          "runAfter": {
            "Trick": [
              "Succeeded"
            ]
          },
          "metadata": {
            "operationMetadataId": "5b48256f-7633-4a5e-a0fb-29257f5e4356"
          },
          "type": "OpenApiConnection",
          "inputs": {
            "host": {
              "connectionName": "shared_commondataserviceforapps",
              "operationId": "CreateRecord",
              "apiId": "/providers/Microsoft.PowerApps/apis/shared_commondataserviceforapps"
            },
            "parameters": {
              "entityName": "dem_petrricks",
              "item/dem_level": 775640000,
              "item/dem_name": "First Trick",
              "item/dem_petid@odata.bind": "dem_pets(@{triggerOutputs()?['body/dem_petid']})",
              "item/dem_points": 0,
              "item/statuscode": 1,
              "item/dem_trickid@odata.bind": "dem_tricks(@{outputs('Trick')})"
            },
            "authentication": "@parameters('$authentication')"
          }
        },
        "Trick": {
          "runAfter": {
            "Get_Tricks": [
              "Succeeded"
            ]
          },
          "metadata": {
            "operationMetadataId": "165ab3ef-98e9-4813-8784-d200808e0dc5"
          },
          "type": "Compose",
          "inputs": "@first(outputs('Get_Tricks')?['body/value'])['dem_trickid']"
        }
      }
    },
    "templateName": ""
  },
  "schemaVersion": "1.0.0.0"
}