<manifest><control namespace="contoso" constructor="timelinecontrol" version="0.0.1" display-name-key="timelinecontrol" description-key="timelinecontrol description" control-type="standard" api-version="1.3.5"><external-service-usage enabled="false" /><data-set name="timelineDataSet" display-name-key="Dataset_Display_Key" /><resources><code path="bundle.js" order="1" /><css path="vis-timeline-graph2d.min.css" order="1" /><css path="css/timelinecontrol.css" order="2" /></resources><built-by name="pac" version="1.24.3" /></control></manifest>