{
  "properties": {
    "connectionReferences": {
      "shared_commondataserviceforapps": {
        "runtimeSource": "embedded",
        "connection": {
          "connectionReferenceLogicalName": "contoso_sharedcommondataserviceforapps_f2c95"
        },
        "api": {
          "name": "shared_commondataserviceforapps"
        }
      }
    },
    "definition": {
      "$schema": "https://schema.management.azure.com/providers/Microsoft.Logic/schemas/2016-06-01/workflowdefinition.json#",
      "contentVersion": "1.0.0.0",
      "parameters": {
        "$connections": {
          "defaultValue": {},
          "type": "Object"
        },
        "$authentication": {
          "defaultValue": {},
          "type": "SecureObject"
        }
      },
      "triggers": {
        "manual": {
          "metadata": {
            "operationMetadataId": "e92072f7-a99b-49c2-93cf-556c60587fd4"
          },
          "type": "Request",
          "kind": "PowerApp",
          "inputs": {
            "schema": {
              "type": "object",
              "properties": {
                "CancelComments_RowID": {
                  "type": "string",
                  "description": "Enter the row's globally unique identifier (GUID)",
                  "x-ms-powerflows-param-ispartial": false
                }
              },
              "required": [
                "CancelComments_RowID"
              ]
            }
          }
        }
      },
      "actions": {
        "CancelComments": {
          "runAfter": {},
          "metadata": {
            "operationMetadataId": "bf78eb90-2758-4c4f-8b36-82cadab74821"
          },
          "type": "OpenApiConnection",
          "inputs": {
            "host": {
              "connectionName": "shared_commondataserviceforapps",
              "operationId": "UpdateRecord",
              "apiId": "/providers/Microsoft.PowerApps/apis/shared_commondataserviceforapps"
            },
            "parameters": {
              "entityName": "contoso_inspections",
              "recordId": "@triggerBody()['CancelComments_RowID']",
              "item/contoso_comments": "@null"
            },
            "authentication": {
              "type": "Raw",
              "value": "@json(decodeBase64(triggerOutputs().headers['X-MS-APIM-Tokens']))['$ConnectionKey']"
            }
          }
        },
        "GetPermit": {
          "runAfter": {
            "CancelComments": [
              "Succeeded"
            ]
          },
          "metadata": {
            "operationMetadataId": "091453e6-2d0f-4be2-958e-49d251c3312d"
          },
          "type": "OpenApiConnection",
          "inputs": {
            "host": {
              "connectionName": "shared_commondataserviceforapps",
              "operationId": "GetItem",
              "apiId": "/providers/Microsoft.PowerApps/apis/shared_commondataserviceforapps"
            },
            "parameters": {
              "entityName": "contoso_permits",
              "recordId": "@outputs('CancelComments')?['body/_contoso_permit_value']"
            },
            "authentication": {
              "type": "Raw",
              "value": "@json(decodeBase64(triggerOutputs().headers['X-MS-APIM-Tokens']))['$ConnectionKey']"
            }
          }
        },
        "Respond_to_a_PowerApp_or_flow": {
          "runAfter": {
            "GetPermit": [
              "Succeeded"
            ]
          },
          "metadata": {
            "operationMetadataId": "4df89777-f7b8-42fd-9f00-36b9b427846f"
          },
          "type": "Response",
          "kind": "PowerApp",
          "inputs": {
            "statusCode": 200,
            "body": {
              "startdate": "@outputs('GetPermit')?['body/contoso_startdate']"
            },
            "schema": {
              "type": "object",
              "properties": {
                "startdate": {
                  "title": "startdate",
                  "x-ms-dynamically-added": true,
                  "type": "string",
                  "format": "date"
                }
              }
            }
          }
        }
      }
    },
    "templateName": null
  },
  "schemaVersion": "1.0.0.0"
}