
<entities xmlns:xsd="http://www.w3.org/2001/XMLSchema" xmlns:xsi="http://www.w3.org/2001/XMLSchema-instance" timestamp="2024-07-26T16:37:16.7643008Z">
  <entity name="contoso_buildsite" displayname="Build Site">
    <records>
      <record id="2d59d62c-584b-ef11-a317-0022480bd0f0">
        <field name="contoso_city" value="Redmond" />
        <field name="contoso_buildsiteid" value="2d59d62c-584b-ef11-a317-0022480bd0f0" />
        <field name="contoso_country" value="USA" />
        <field name="contoso_stateprovince" value="WA" />
        <field name="contoso_street1" value="One Microsoft Way" />
        <field name="contoso_postalcode" value="98052" />
      </record>
    </records>
    <m2mrelationships />
  </entity>
  <entity name="contoso_permittype" displayname="Permit Type">
    <records>
      <record id="088eae36-584b-ef11-a317-0022480bd0f0">
        <field name="contoso_permittypeid" value="088eae36-584b-ef11-a317-0022480bd0f0" />
        <field name="contoso_name" value="New Construction" />
        <field name="contoso_requireinspections" value="False" />
        <field name="contoso_requiresize" value="False" />
      </record>
    </records>
    <m2mrelationships />
  </entity>
</entities>