{
  "properties": {
    "connectionReferences": {
      "shared_commondataserviceforapps": {
        "runtimeSource": "embedded",
        "connection": {
          "connectionReferenceLogicalName": "contoso_sharedcommondataserviceforapps_f2c95"
        },
        "api": {
          "name": "shared_commondataserviceforapps"
        }
      }
    },
    "definition": {
      "$schema": "https://schema.management.azure.com/providers/Microsoft.Logic/schemas/2016-06-01/workflowdefinition.json#",
      "contentVersion": "1.0.0.0",
      "parameters": {
        "$connections": {
          "defaultValue": {},
          "type": "Object"
        },
        "$authentication": {
          "defaultValue": {},
          "type": "SecureObject"
        }
      },
      "triggers": {
        "Recurrence": {
          "recurrence": {
            "frequency": "Month",
            "interval": 1,
            "startTime": "2023-05-08T09:00:00Z"
          },
          "metadata": {
            "operationMetadataId": "5f4a1e33-6f78-4027-9a0a-654cb72f2dad"
          },
          "type": "Recurrence"
        }
      },
      "actions": {
        "Inspections": {
          "runAfter": {},
          "metadata": {
            "operationMetadataId": "86bc32a3-abd4-4c70-a885-9129fba554ee"
          },
          "type": "OpenApiConnection",
          "inputs": {
            "host": {
              "connectionName": "shared_commondataserviceforapps",
              "operationId": "ListRecords",
              "apiId": "/providers/Microsoft.PowerApps/apis/shared_commondataserviceforapps"
            },
            "parameters": {
              "entityName": "contoso_inspections",
              "$filter": "statuscode ne 330650001"
            },
            "authentication": "@parameters('$authentication')"
          }
        },
        "Loop": {
          "foreach": "@outputs('Inspections')?['body/value']",
          "actions": {
            "Update_Inspection": {
              "runAfter": {},
              "metadata": {
                "operationMetadataId": "17952521-5bd6-49de-8fdb-321b7a184271"
              },
              "type": "OpenApiConnection",
              "inputs": {
                "host": {
                  "connectionName": "shared_commondataserviceforapps",
                  "operationId": "UpdateRecord",
                  "apiId": "/providers/Microsoft.PowerApps/apis/shared_commondataserviceforapps"
                },
                "parameters": {
                  "entityName": "contoso_inspections",
                  "recordId": "@items('Loop')?['contoso_inspectionid']",
                  "item/contoso_scheduleddate": "@utcNow()",
                  "item/statuscode": 330650001
                },
                "authentication": "@parameters('$authentication')"
              }
            }
          },
          "runAfter": {
            "Inspections": [
              "Succeeded"
            ]
          },
          "metadata": {
            "operationMetadataId": "1cde736d-7b80-47d9-ae71-6965bdbea2bd"
          },
          "type": "Foreach"
        }
      }
    },
    "templateName": ""
  },
  "schemaVersion": "1.0.0.0"
}