{"swagger":"2.0","info":{"title":"Default title","description":"","version":"1.0"},"host":"pl400whpl202305.azurewebsites.net","basePath":"/","schemes":["https"],"consumes":[],"produces":[],"paths":{"/api/CPMTrigger":{"post":{"responses":{"default":{"description":"default","schema":{"type":"object","properties":{"cpm":{"type":"integer","format":"int32","description":"cpm"}}}}},"summary":"CPM Calculator","description":"Calculates CPM","operationId":"GetRequiredCPM","parameters":[{"name":"body","in":"body","required":false,"schema":{"type":"object","properties":{"Width":{"type":"integer","format":"int32","description":"Width"},"Height":{"type":"integer","format":"int32","description":"Height"},"Length":{"type":"integer","format":"int32","description":"Length"},"AirChanges":{"type":"integer","format":"int32","description":"AirChanges"}}}}]}}},"definitions":{},"parameters":{},"responses":{},"securityDefinitions":{"api_key":{"type":"apiKey","in":"query","name":"code"}},"security":[],"tags":[]}