
<entities xmlns:xsd="http://www.w3.org/2001/XMLSchema" xmlns:xsi="http://www.w3.org/2001/XMLSchema-instance" timestamp="2024-07-26T15:51:30.5429904Z">
  <entity name="contact" displayname="Contact">
    <records>
      <record id="ec54a81a-584b-ef11-a317-0022480bd0f0">
        <field name="firstname" value="John" />
        <field name="contactid" value="ec54a81a-584b-ef11-a317-0022480bd0f0" />
        <field name="lastname" value="Doe" />
      </record>
    </records>
    <m2mrelationships />
  </entity>
  <entity name="contoso_buildsite" displayname="Build Site">
    <records>
      <record id="2d59d62c-584b-ef11-a317-0022480bd0f0">
        <field name="contoso_buildsiteid" value="2d59d62c-584b-ef11-a317-0022480bd0f0" />
        <field name="contoso_city" value="Redmond" />
        <field name="contoso_country" value="USA" />
        <field name="contoso_stateprovince" value="WA" />
        <field name="contoso_street1" value="One Microsoft Way" />
        <field name="contoso_postalcode" value="98052" />
      </record>
    </records>
    <m2mrelationships />
  </entity>
  <entity name="contoso_permittype" displayname="Permit Type">
    <records>
      <record id="088eae36-584b-ef11-a317-0022480bd0f0">
        <field name="contoso_permittypeid" value="088eae36-584b-ef11-a317-0022480bd0f0" />
        <field name="contoso_requireinspections" value="False" />
        <field name="contoso_requiresize" value="False" />
        <field name="contoso_name" value="New Construction" />
      </record>
    </records>
    <m2mrelationships />
  </entity>
  <entity name="contoso_permit" displayname="Permit">
    <records>
      <record id="66b7cc3f-584b-ef11-a317-0022480bd0f0">
        <field name="contoso_buildsite" value="2d59d62c-584b-ef11-a317-0022480bd0f0" lookupentity="contoso_buildsite" lookupentityname="One Microsoft Way" />
        <field name="contoso_contact" value="ec54a81a-584b-ef11-a317-0022480bd0f0" lookupentity="contact" lookupentityname="John Doe" />
        <field name="contoso_name" value="Test Permit" />
        <field name="contoso_permitid" value="66b7cc3f-584b-ef11-a317-0022480bd0f0" />
        <field name="contoso_permittype" value="088eae36-584b-ef11-a317-0022480bd0f0" lookupentity="contoso_permittype" lookupentityname="New Construction" />
        <field name="contoso_startdate" value="2024-07-27T00:00:00.0000000Z" />
      </record>
    </records>
    <m2mrelationships />
  </entity>
  <entity name="contoso_inspection" displayname="Inspection">
    <records>
      <record id="d8739467-584b-ef11-a317-0022480bd0f0">
        <field name="contoso_permit" value="66b7cc3f-584b-ef11-a317-0022480bd0f0" lookupentity="contoso_permit" lookupentityname="Test Permit" />
        <field name="contoso_inspectionid" value="d8739467-584b-ef11-a317-0022480bd0f0" />
        <field name="contoso_inspectiontype" value="330650000" />
        <field name="contoso_scheduleddate" value="2024-07-27T00:00:00.0000000Z" />
        <field name="contoso_name" value="Framing Inspection" />
        <field name="statuscode" value="330650001" />
      </record>
      <record id="076c79fd-584b-ef11-a317-0022480bd0f0">
        <field name="contoso_permit" value="66b7cc3f-584b-ef11-a317-0022480bd0f0" lookupentity="contoso_permit" lookupentityname="Test Permit" />
        <field name="contoso_inspectionid" value="076c79fd-584b-ef11-a317-0022480bd0f0" />
        <field name="contoso_inspectiontype" value="330650000" />
        <field name="contoso_scheduleddate" value="2024-07-26T00:00:00.0000000Z" />
        <field name="contoso_name" value="Electric Inspection" />
        <field name="statuscode" value="330650003" />
      </record>
      <record id="b753e00a-594b-ef11-a317-0022480bd0f0">
        <field name="contoso_permit" value="66b7cc3f-584b-ef11-a317-0022480bd0f0" lookupentity="contoso_permit" lookupentityname="Test Permit" />
        <field name="contoso_inspectionid" value="b753e00a-594b-ef11-a317-0022480bd0f0" />
        <field name="contoso_inspectiontype" value="330650000" />
        <field name="contoso_scheduleddate" value="2024-07-28T00:00:00.0000000Z" />
        <field name="contoso_name" value="Plumbing Inspection" />
        <field name="statuscode" value="330650001" />
      </record>
      <record id="a6b39112-594b-ef11-a317-0022480bd0f0">
        <field name="contoso_permit" value="66b7cc3f-584b-ef11-a317-0022480bd0f0" lookupentity="contoso_permit" lookupentityname="Test Permit" />
        <field name="contoso_inspectionid" value="a6b39112-594b-ef11-a317-0022480bd0f0" />
        <field name="contoso_inspectiontype" value="330650000" />
        <field name="contoso_scheduleddate" value="2024-07-29T00:00:00.0000000Z" />
        <field name="contoso_name" value="Mechanical Inspection" />
        <field name="statuscode" value="1" />
      </record>
    </records>
    <m2mrelationships />
  </entity>
</entities>